"BROKEN","EPIC","FAILED","FEATURE","PASSED","SKIPPED","STORY","UNKNOWN"
"0","QA Automation Final Project","0","Job Search and Filtering Module","1","0","Search with keyword that yields no results","0"
"0","QA Automation Final Project","0","Job Search and Filtering Module","1","0","Search with empty spaces","0"
"0","QA Automation Final Project","0","Job Search and Filtering Module","1","0","Verify resetting active region filters back to initial counts","0"
"0","QA Automation Final Project","0","Job Search and Filtering Module","1","0","Filter jobs by multiple regions combined","0"
"0","QA Automation Final Project","0","Job Search and Filtering Module","1","0","Search using a valid Hebrew keyword","0"
"0","QA Automation Final Project","0","Job Search and Filtering Module","1","0","Filter jobs by single region","0"
"0","QA Automation Final Project","0","Job Search and Filtering Module","1","0","Search using special characters","0"
"1","QA Automation Final Project","0","Job Search and Filtering Module","1","0","Apply combined complex filters","0"
"0","QA Automation Final Project","0","Job Search and Filtering Module","1","0","Search using long conversational sentences","0"
